title,authors,author_affiliations,publication_year,publication_title,pdf_url,doi,access_status,conference_code
Redundancy-Aware Action Spaces for Robot Learning,Pietro Mazzaglia; Nicholas Backshall; Xiao Ma; Stephen James,,2024,IEEE Robotics and Automation Letters,https://ieeexplore.ieee.org/stamp/stamp.jsp?tp=&arnumber=10560461,10.1109/LRA.2024.3416074,Заблокировано,unnamed
Safe Reinforcement Learning for Collaborative Robots in Dynamic Human Environments,Sundas Rafat Mulkana,,2024,2024 12th International Conference on Affective Computing and Intelligent Interaction Workshops and Demos (ACIIW),https://ieeexplore.ieee.org/stamp/stamp.jsp?tp=&arnumber=10970290,10.1109/ACIIW63320.2024.00013,Заблокировано,unnamed
Interactive Robot-Robot Reinforcement Learning for Object Balancing Task,Yewon Kim; Haein Jeon; Bo-Yeong Kang,,2024,2024 IEEE International Conference on Consumer Electronics (ICCE),https://ieeexplore.ieee.org/stamp/stamp.jsp?tp=&arnumber=10444355,10.1109/ICCE59016.2024.10444355,Заблокировано,unnamed
Research on indoor robot navigation algorithm based on deep reinforcement learning,Yaohua Lei; Yunli Cheng; Xueqin Tan; Yanxian Tan,,2023,2023 International Conference on Image Processing; Computer Vision and Machine Learning (ICICML),https://ieeexplore.ieee.org/stamp/stamp.jsp?tp=&arnumber=10424919,10.1109/ICICML60161.2023.10424919,Заблокировано,unnamed
Repetitive Impedance Learning-Based Physically Human–Robot Interactive Control,Tairen Sun; Jiantao Yang; Yongping Pan; Hongliu Yu,,2024,IEEE Transactions on Neural Networks and Learning Systems,https://ieeexplore.ieee.org/stamp/stamp.jsp?tp=&arnumber=10048010,10.1109/TNNLS.2023.3243091,Заблокировано,unnamed
Mobile Service Robot Path Planning Using Deep Reinforcement Learning,A. A. Nippun Kumaar; Sreeja Kochuvila,,2023,IEEE Access,https://ieeexplore.ieee.org/stamp/stamp.jsp?tp=&arnumber=10238717,10.1109/ACCESS.2023.3311519,Открыто,unnamed
Deep reinforcement learning based mobile robot navigation: A review,Kai Zhu; Tao Zhang,,2021,Tsinghua Science and Technology,https://ieeexplore.ieee.org/stamp/stamp.jsp?tp=&arnumber=9409758,10.26599/TST.2021.9010012,Открыто,unnamed
Learning Dexterous Robot Hand Control by Imitating Human Hands,Yashuai Yan; Dongheui Lee,,2025,2025 22nd International Conference on Ubiquitous Robots (UR),https://ieeexplore.ieee.org/stamp/stamp.jsp?tp=&arnumber=11078061,10.1109/UR65550.2025.11078061,Заблокировано,unnamed
Simulation-Based Robot Skill Learning System Using PPO and Cauchy-Distribution-Based Reward Design,Shun Zhang; Kaifeng Jian; Zejun Sun,,2025,2025 9th International Conference on Robotics and Automation Sciences (ICRAS),https://ieeexplore.ieee.org/stamp/stamp.jsp?tp=&arnumber=11108746,10.1109/ICRAS65818.2025.11108746,Заблокировано,ICRA
Learning Multimodal Latent Dynamics for Human–Robot Interaction,Vignesh Prasad; Lea Heitlinger; Dorothea Koert; Ruth Stock-Homburg; Jan Peters; Georgia Chalvatzaki,,2025,IEEE Transactions on Robotics,https://ieeexplore.ieee.org/stamp/stamp.jsp?tp=&arnumber=11049049,10.1109/TRO.2025.3582829,Заблокировано,unnamed
Effects of Different Demographics when Evaluating Interactive Robot-Empowered Language Learning in Human-Robot Interaction,Kwong Chiu Fung; Ka Yan Fung; Rick Tze Leung Lui; Wai Ho Mow; Kuen Fung Sin,,2025,2025 20th ACM/IEEE International Conference on Human-Robot Interaction (HRI),https://ieeexplore.ieee.org/stamp/stamp.jsp?tp=&arnumber=10974071,10.1109/HRI61500.2025.10974071,Заблокировано,unnamed
Human Experiences in Teaching Robots: Understanding Agent Expressivity and Learning Effects through a Virtual Robot Arm,Aviv Elor; Sri Kurniawan; Leila Takayama,,2022,2022 IEEE International Conference on Smart Computing (SMARTCOMP),https://ieeexplore.ieee.org/stamp/stamp.jsp?tp=&arnumber=9821072,10.1109/SMARTCOMP55677.2022.00033,Заблокировано,unnamed
Lifelong Learning and Personalization in Long-Term Human-Robot Interaction (LEAP-HRI): Overcoming Inequalities with Adaptation,Bahar Irfan; Nikhil Churamani; Michelle Zhao; Ali Ayub; Silvia Rossi,,2025,2025 20th ACM/IEEE International Conference on Human-Robot Interaction (HRI),https://ieeexplore.ieee.org/stamp/stamp.jsp?tp=&arnumber=10973812,10.1109/HRI61500.2025.10973812,Заблокировано,unnamed
Gait Self-learning for Damaged Robots Combining Bionic Inspiration and Deep Reinforcement Learning,Ming Zeng; Yu Ma; Zhijing Wang; Qi Li,,2021,2021 40th Chinese Control Conference (CCC),https://ieeexplore.ieee.org/stamp/stamp.jsp?tp=&arnumber=9549968,10.23919/CCC52363.2021.9549968,Заблокировано,unnamed
Reinforcement Learning based Method for Autonomous Navigation of Mobile Robots in Unknown Environments,Roan Van Hoa; Tran Duc Chuyen; Nguyen Tung Lam; Tran Ngoc Son; Nguyen Duc Dien; Vu Thi To Linh,,2020,2020 International Conference on Advanced Mechatronic Systems (ICAMechS),https://ieeexplore.ieee.org/stamp/stamp.jsp?tp=&arnumber=9310129,10.1109/ICAMechS49982.2020.9310129,Заблокировано,unnamed
Comparing the effects of robots and IoT objects on STEM learning outcomes and computational thinking skills between programming-experienced learners and programming-novice learners,Chih-Chien Hu; Hsiao-Ting Tseng; Ming-Hsien Chen; Alexis Goh Phaik Imm; Nian-Shing Chen,,2020,2020 IEEE 20th International Conference on Advanced Learning Technologies (ICALT),https://ieeexplore.ieee.org/stamp/stamp.jsp?tp=&arnumber=9155698,10.1109/ICALT49669.2020.00033,Заблокировано,unnamed
The Development of Robot-based Storytelling Platform for Designing STEAM Learning Systems,Chih–Chien Hu,,2022,2022 IEEE International Conference on Consumer Electronics - Taiwan,https://ieeexplore.ieee.org/stamp/stamp.jsp?tp=&arnumber=9869079,10.1109/ICCE-Taiwan55306.2022.9869079,Заблокировано,unnamed
Interactive Robot as Classroom Learning Host to Enhance Audience Participation in Digital Learning Theater,Vando Gusti Al Hakim; Su-Hang Yang; Tsung-Han Tsai; Wen-Hsu Lo; Jen-Hang Wang; Tzu-Chun Hsu; Gwo-Dong Chen,,2020,2020 IEEE 20th International Conference on Advanced Learning Technologies (ICALT),https://ieeexplore.ieee.org/stamp/stamp.jsp?tp=&arnumber=9155995,10.1109/ICALT49669.2020.00036,Заблокировано,unnamed
Mecanum-Wheeled Robot Control Based on Deep Reinforcement Learning,Ocklen Setiadilaga; Adha Cahyadi; Ahmad Ataka,,2023,2023 15th International Conference on Information Technology and Electrical Engineering (ICITEE),https://ieeexplore.ieee.org/stamp/stamp.jsp?tp=&arnumber=10317659,10.1109/ICITEE59582.2023.10317659,Заблокировано,unnamed
Sensorimotor Learning With Stability Guarantees via Autonomous Neural Dynamic Policies,Dionis Totsila; Konstantinos Chatzilygeroudis; Valerio Modugno; Denis Hadjivelichkov; Dimitrios Kanoulas,,2025,IEEE Robotics and Automation Letters,https://ieeexplore.ieee.org/stamp/stamp.jsp?tp=&arnumber=10819655,10.1109/LRA.2024.3524878,Заблокировано,unnamed
Real-world Robot Reaching Skill Learning Based on Deep Reinforcement Learning,Naijun Liu; Tao Lu; Yinghao Cai; Rui Wang; Shuo Wang,,2020,2020 Chinese Control And Decision Conference (CCDC),https://ieeexplore.ieee.org/stamp/stamp.jsp?tp=&arnumber=9164770,10.1109/CCDC49329.2020.9164770,Заблокировано,unnamed
Usefulness of using Nvidia IsaacSim and IsaacGym for AI robot manipulation training,Youngsung Son; Hyonyong Han; Joonmyun Cho,,2023,2023 14th International Conference on Information and Communication Technology Convergence (ICTC),https://ieeexplore.ieee.org/stamp/stamp.jsp?tp=&arnumber=10393380,10.1109/ICTC58733.2023.10393380,Заблокировано,unnamed
Vision Based Leader-Follower Control of Wheeled Mobile Robots using Reinforcement Learning and Deep Learning,Kayleb Garmon; Ying Wang,,2023,2023 9th International Symposium on System Security; Safety; and Reliability (ISSSR),https://ieeexplore.ieee.org/stamp/stamp.jsp?tp=&arnumber=10214845,10.1109/ISSSR58837.2023.00071,Заблокировано,unnamed
Human-Interactive Robot Learning (HIRL),Reuth Mirsky; Kim Baraka; Taylor Kessler Faulkner; Justin Hart; Harel Yedidsion; Xuesu Xiao,,2022,2022 17th ACM/IEEE International Conference on Human-Robot Interaction (HRI),https://ieeexplore.ieee.org/stamp/stamp.jsp?tp=&arnumber=9889551,10.1109/HRI53351.2022.9889551,Заблокировано,unnamed
Deep Reinforcement Learning for the Biologically Inspired Social Behaviour of Autonomous Robots Acting in Dynamic Environments,Marcos Maroto-Gómez; María Malfaz; Álvaro Castro-González; Sofía Álvarez Arias; Miguel Ángel Salichs,,2024,IEEE Access,https://ieeexplore.ieee.org/stamp/stamp.jsp?tp=&arnumber=10772320,10.1109/ACCESS.2024.3508139,Открыто,unnamed
Safe Multi-Agent Reinforcement Learning for Behavior-Based Cooperative Navigation,Murad Dawood; Sicong Pan; Nils Dengler; Siqi Zhou; Angela P. Schoellig; Maren Bennewitz,,2025,IEEE Robotics and Automation Letters,https://ieeexplore.ieee.org/stamp/stamp.jsp?tp=&arnumber=10964685,10.1109/LRA.2025.3560830,Заблокировано,unnamed
Leveraging Physical Human-Robot Interaction for Surgical Robot Learning in Neuroendoscopy,Audrey Lee; Benjamin I. Rapoport,,2025,2025 20th ACM/IEEE International Conference on Human-Robot Interaction (HRI),https://ieeexplore.ieee.org/stamp/stamp.jsp?tp=&arnumber=10973957,10.1109/HRI61500.2025.10973957,Заблокировано,unnamed
Lifelong Learning and Personalization in Long-Term Human-Robot Interaction (LEAP-HRI),Bahar Irfan; Aditi Ramachandran; Samuel Spaulding; German I. Parisi; Hatice Gunes,,2022,2022 17th ACM/IEEE International Conference on Human-Robot Interaction (HRI),https://ieeexplore.ieee.org/stamp/stamp.jsp?tp=&arnumber=9889477,10.1109/HRI53351.2022.9889477,Заблокировано,unnamed
Toward Robots’ Behavioral Transparency of Temporal Difference Reinforcement Learning With a Human Teacher,Marco Matarese; Alessandra Sciutti; Francesco Rea; Silvia Rossi,,2021,IEEE Transactions on Human-Machine Systems,https://ieeexplore.ieee.org/stamp/stamp.jsp?tp=&arnumber=9580746,10.1109/THMS.2021.3116119,Открыто,unnamed
Affordance-Based Human–Robot Interaction With Reinforcement Learning,Francisco Munguia-Galeano; Satheeshkumar Veeramani; Juan David Hernández; Qingmeng Wen; Ze Ji,,2023,IEEE Access,https://ieeexplore.ieee.org/stamp/stamp.jsp?tp=&arnumber=10082924,10.1109/ACCESS.2023.3262450,Открыто,unnamed
Digital Twins of Pet Robots to Prolong Interdependent Relationships and Effects on Student Learning Performance,Vando Gusti Al Hakim; Su-Hang Yang; Jen-Hang Wang; Hung-Hsuan Lin; Gwo-Dong Chen,,2024,IEEE Transactions on Learning Technologies,https://ieeexplore.ieee.org/stamp/stamp.jsp?tp=&arnumber=10574314,10.1109/TLT.2024.3416209,Заблокировано,unnamed
Continual Learning for Adaptive Affective Human-Robot Interaction,Rahul Singh Maharjan,,2022,2022 10th International Conference on Affective Computing and Intelligent Interaction Workshops and Demos (ACIIW),https://ieeexplore.ieee.org/stamp/stamp.jsp?tp=&arnumber=10086015,10.1109/ACIIW57231.2022.10086015,Заблокировано,unnamed
Robot as a Ventriloquist Doll in a Virtual Situational Learning Environment to Facilitate Learning Through Self-Dialogue,Vando Gusti Al Hakim; Su-Hang Yang; Mahesh Liyanawatta; Jen-Hang Wang; Yung-Han Ku; YungYu Zhuang; Gwo-Dong Chen,,2022,2022 International Conference on Advanced Learning Technologies (ICALT),https://ieeexplore.ieee.org/stamp/stamp.jsp?tp=&arnumber=9853742,10.1109/ICALT55010.2022.00043,Заблокировано,unnamed
Towards Transparent Robot Learning Through TDRL-Based Emotional Expressions,Joost Broekens; Mohamed Chetouani,,2021,IEEE Transactions on Affective Computing,https://ieeexplore.ieee.org/stamp/stamp.jsp?tp=&arnumber=8613855,10.1109/TAFFC.2019.2893348,Заблокировано,unnamed
Robot Path Planning Method Based on Deep Reinforcement Learning,Yongmei Zhang; Jiarui Zhao; Jie Sun,,2020,2020 IEEE 3rd International Conference on Computer and Communication Engineering Technology (CCET),https://ieeexplore.ieee.org/stamp/stamp.jsp?tp=&arnumber=9213166,10.1109/CCET50901.2020.9213166,Заблокировано,unnamed
Parallel Distributional Deep Reinforcement Learning for Mapless Navigation of Terrestrial Mobile Robots,Victor A. Kich; Alisson H. Kolling; Costa de Jesus; Gabriel V. Heisler; Hiago Jacobs; Jair A. Bottega; André L. Da S. Kelbouscas; Akihisa Ohya; Ricardo B. Grando; Paulo L. J. Drews-Jr; Daniel F. T. Gamarra,,2024,2024 24th International Conference on Control; Automation and Systems (ICCAS),https://ieeexplore.ieee.org/stamp/stamp.jsp?tp=&arnumber=10773323,10.23919/ICCAS63016.2024.10773323,Заблокировано,unnamed
Robot-Assisted Language Learning Increases Functional Connectivity in Children's Brain,Maryam Alimardani; Jesse L. P. Duret; Anne-Lise Jouen; Kazuo Hiraki,,2022,2022 17th ACM/IEEE International Conference on Human-Robot Interaction (HRI),https://ieeexplore.ieee.org/stamp/stamp.jsp?tp=&arnumber=9889406,10.1109/HRI53351.2022.9889406,Заблокировано,unnamed
Augmenting Compliance With Motion Generation Through Imitation Learning Using Drop-Stitch Reinforced Inflatable Robot Arm With Rigid Joints,Gangadhara Naga Sai Gubbala; Masato Nagashima; Hiroki Mori; Young Ah Seong; Hiroki Sato; Ryuma Niiyama; Yuki Suga; Tetsuya Ogata,,2024,IEEE Robotics and Automation Letters,https://ieeexplore.ieee.org/stamp/stamp.jsp?tp=&arnumber=10642975,10.1109/LRA.2024.3446270,Заблокировано,unnamed
When Positive Perception of the Robot Has No Effect on Learning,Jauwairia Nasir; Utku Norman; Barbara Bruno; Pierre Dillenbourg,,2020,2020 29th IEEE International Conference on Robot and Human Interactive Communication (RO-MAN),https://ieeexplore.ieee.org/stamp/stamp.jsp?tp=&arnumber=9223343,10.1109/RO-MAN47096.2020.9223343,Заблокировано,unnamed
Q-Learning of Bee-Like Robots through Obstacle Avoidance,Jawairia Rasheed; Haroon Irfan,,2024,2024 12th International Conference on Control; Mechatronics and Automation (ICCMA),https://ieeexplore.ieee.org/stamp/stamp.jsp?tp=&arnumber=10843810,10.1109/ICCMA63715.2024.10843810,Заблокировано,unnamed
Federated Reinforcement Learning Framework for Mobile Robot Navigation Using ROS and Gazebo,Xing An; Yangfei Lin; Min Lin; Celimuge Wu; Tutomu Murase; Yusheng Ji,,2025,IEEE Internet of Things Magazine,https://ieeexplore.ieee.org/stamp/stamp.jsp?tp=&arnumber=11025184,10.1109/MIOT.2025.3575929,Заблокировано,unnamed
Robot Skill Learning and Generalization based on Human-robot Collaboration and Computer Vision,Xin Zhang; Ruiqing Zhang; Deqing Huang; Yanan Li,,2024,2024 IEEE 13th Data Driven Control and Learning Systems Conference (DDCLS),https://ieeexplore.ieee.org/stamp/stamp.jsp?tp=&arnumber=10606751,10.1109/DDCLS61622.2024.10606751,Заблокировано,unnamed
A Deep Reinforcement Learning Method for Mobile Robot Path Planning in Unknown Environments,Wei Zhang; Weihong Wang; Haoran Zhai; Qingze Li,,2021,2021 China Automation Congress (CAC),https://ieeexplore.ieee.org/stamp/stamp.jsp?tp=&arnumber=9727670,10.1109/CAC53003.2021.9727670,Заблокировано,unnamed
Adaptive Robot Planning and Learning in Dynamic Environments: Enhancing Autonomy and Efficiency,Anand Singh Rajawat; Ashish Vivek Singh; S. B. Goyal; Ahmed Kateb Jumaah Al-Nussairi,,2024,2024 International Conference on Augmented Reality; Intelligent Systems; and Industrial Automation (ARIIA),https://ieeexplore.ieee.org/stamp/stamp.jsp?tp=&arnumber=11051928,10.1109/ARIIA63345.2024.11051928,Заблокировано,unnamed
Image features for vision-based robot manipulation based on deep reinforcement learning,Rui Li,,2021,2021 IEEE 17th International Conference on Intelligent Computer Communication and Processing (ICCP),https://ieeexplore.ieee.org/stamp/stamp.jsp?tp=&arnumber=9733597,10.1109/ICCP53602.2021.9733597,Заблокировано,unnamed
Machine Learning in Human-Robot Collaboration: Bridging the Gap,Cynthia Matuszek; Harold Soh; Matthew Gombolay; Nakul Gopalan; Reid Simmons; Stefanos Nikoladis,,2022,2022 17th ACM/IEEE International Conference on Human-Robot Interaction (HRI),https://ieeexplore.ieee.org/stamp/stamp.jsp?tp=&arnumber=9889367,10.1109/HRI53351.2022.9889367,Заблокировано,unnamed
A Robot Motion Learning Method Using Broad Learning System Verified by Small-Scale Fish-Like Robot,Sheng Xu; Tiantian Xu; Dong Li; Chenguang Yang; Chenyang Huang; Xinyu Wu,,2023,IEEE Transactions on Cybernetics,https://ieeexplore.ieee.org/stamp/stamp.jsp?tp=&arnumber=10121060,10.1109/TCYB.2023.3269773,Заблокировано,unnamed
Human-Centered Collaborative Robots With Deep Reinforcement Learning,Ali Ghadirzadeh; Xi Chen; Wenjie Yin; Zhengrong Yi; Mårten Björkman; Danica Kragic,,2021,IEEE Robotics and Automation Letters,https://ieeexplore.ieee.org/stamp/stamp.jsp?tp=&arnumber=9309387,10.1109/LRA.2020.3047730,Заблокировано,unnamed
Learning from Demonstration Framework for Multi-Robot Systems Using Interaction Keypoints and Soft Actor-Critic Methods,Vishnunandan L. N. Venkatesh; Byung-Cheol Min,,2024,2024 IEEE/RSJ International Conference on Intelligent Robots and Systems (IROS),https://ieeexplore.ieee.org/stamp/stamp.jsp?tp=&arnumber=10802324,10.1109/IROS58592.2024.10802324,Заблокировано,IROS
TC-Driver: A Trajectory-Conditioned Reinforcement Learning Approach to Zero-Shot Autonomous Racing,Edoardo Ghignone; Nicolas Baumann; Michele Magno,,2024,IEEE Transactions on Field Robotics,https://ieeexplore.ieee.org/stamp/stamp.jsp?tp=&arnumber=10755062,10.1109/TFR.2024.3499912,Заблокировано,unnamed
A Comprehensive Review of Robotics Advancements Through Imitation Learning for Self-Learning Systems,Yagna Jadeja; Mahmoud Shafik; Paul Wood; Aaisha Makkar,,2025,2025 9th International Conference on Mechanical Engineering and Robotics Research (ICMERR),https://ieeexplore.ieee.org/stamp/stamp.jsp?tp=&arnumber=10949903,10.1109/ICMERR64601.2025.10949903,Заблокировано,unnamed
Behavioral Imitation and Optimization of Labor Education Robots Based on Machine Learning,Qi Xu,,2024,2024 8th Asian Conference on Artificial Intelligence Technology (ACAIT),https://ieeexplore.ieee.org/stamp/stamp.jsp?tp=&arnumber=11021725,10.1109/ACAIT63902.2024.11021725,Заблокировано,unnamed
On the Role of the Action Space in Robot Manipulation Learning and Sim-to-Real Transfer,Elie Aljalbout; Felix Frank; Maximilian Karl; Patrick van der Smagt,,2024,IEEE Robotics and Automation Letters,https://ieeexplore.ieee.org/stamp/stamp.jsp?tp=&arnumber=10522877,10.1109/LRA.2024.3398428,Заблокировано,unnamed
A Q-Learning Strategy for Path Planning of Robots in Unknown Terrains,Prases K. Mohanty; Suman Saurabh; Shivam Yadav; Pooja; Shubhasri Kundu,,2022,2022 1st International Conference on Sustainable Technology for Power and Energy Systems (STPES),https://ieeexplore.ieee.org/stamp/stamp.jsp?tp=&arnumber=10006505,10.1109/STPES54845.2022.10006505,Заблокировано,unnamed
Supporting robot application development using a distributed learning approach,Arzam Kotriwala; Benjamin Kloepper; David Boeken; Debora Clever; Fan Dai,,2020,2020 IEEE Conference on Industrial Cyberphysical Systems (ICPS),https://ieeexplore.ieee.org/stamp/stamp.jsp?tp=&arnumber=9274784,10.1109/ICPS48405.2020.9274784,Заблокировано,unnamed
A Comprehensive Study on Robot Learning from Demonstration,Sushilkumar Ambhore,,2020,2020 2nd International Conference on Innovative Mechanisms for Industry Applications (ICIMIA),https://ieeexplore.ieee.org/stamp/stamp.jsp?tp=&arnumber=9074946,10.1109/ICIMIA48430.2020.9074946,Заблокировано,unnamed
Revolutionizing Higher Education E-Learning: A Universal Robot Approach with Vocal Encouragement and Movement Performance,Lyu Pengfei; Eisaka Toshio,,2024,2024 13th International Conference on Educational and Information Technology (ICEIT),https://ieeexplore.ieee.org/stamp/stamp.jsp?tp=&arnumber=10540998,10.1109/ICEIT61397.2024.10540998,Заблокировано,unnamed
Optimising Human Trust in Robots: A Reinforcement Learning Approach,Abdullah Alzahrani; Muneeb I. Ahmad,,2025,2025 20th ACM/IEEE International Conference on Human-Robot Interaction (HRI),https://ieeexplore.ieee.org/stamp/stamp.jsp?tp=&arnumber=10974225,10.1109/HRI61500.2025.10974225,Заблокировано,unnamed
Federated Learning-Based Human-Robot Collaboration with Explainable AI: A Framework for Secure and Transparent Interaction,P. Marimuktu; R. Raja Subramanian,,2025,2025 International Conference on Computational Robotics; Testing and Engineering Evaluation (ICCRTEE),https://ieeexplore.ieee.org/stamp/stamp.jsp?tp=&arnumber=11052945,10.1109/ICCRTEE64519.2025.11052945,Заблокировано,unnamed
Automatic Curriculum Determination for Deep Reinforcement Learning in Reconfigurable Robots,Zohar Karni; Or Simhon; David Zarrouk; Sigal Berman,,2024,IEEE Access,https://ieeexplore.ieee.org/stamp/stamp.jsp?tp=&arnumber=10540485,10.1109/ACCESS.2024.3406768,Открыто,unnamed
Transformer-Based Imitative Reinforcement Learning for Multirobot Path Planning,Lin Chen; Yaonan Wang; Zhiqiang Miao; Yang Mo; Mingtao Feng; Zhen Zhou; Hesheng Wang,,2023,IEEE Transactions on Industrial Informatics,https://ieeexplore.ieee.org/stamp/stamp.jsp?tp=&arnumber=10032100,10.1109/TII.2023.3240585,Заблокировано,unnamed
Collision Avoidance and Trajectory Planning for Autonomous Mobile Robot: A Spatio-Temporal Deep Learning Approach,K. L. Keung; K. H. Chow; C. K. M. Lee,,2023,2023 IEEE International Conference on Industrial Engineering and Engineering Management (IEEM),https://ieeexplore.ieee.org/stamp/stamp.jsp?tp=&arnumber=10406802,10.1109/IEEM58616.2023.10406802,Заблокировано,unnamed
Multi-Robot Exploration in Unknown Environments via Multi-Agent Deep Reinforcement Learning,Liyuan Deng; Wei Gong; Li Li,,2022,2022 China Automation Congress (CAC),https://ieeexplore.ieee.org/stamp/stamp.jsp?tp=&arnumber=10055585,10.1109/CAC57257.2022.10055585,Заблокировано,unnamed
Context-Awareness in Human-Robot Interaction: Approaches and Challenges,Pauline Chevalier; Bob R. Schadenberg; Amir Aly; Angelo Cangelosi; Adriana Tapus,,2022,2022 17th ACM/IEEE International Conference on Human-Robot Interaction (HRI),https://ieeexplore.ieee.org/stamp/stamp.jsp?tp=&arnumber=9889584,10.1109/HRI53351.2022.9889584,Заблокировано,unnamed
Walking Gait Learning for “T-FLoW” Humanoid Robot Using Rule-Based Learning,Faiz Ulurrasyadi; Raden Sanggar Dewanto; Aliridho Barakbah; Dadet Pramadihanto,,2021,2021 International Electronics Symposium (IES),https://ieeexplore.ieee.org/stamp/stamp.jsp?tp=&arnumber=9593960,10.1109/IES53407.2021.9593960,Заблокировано,unnamed
Path Learning in Human–Robot Collaboration Tasks Using Iterative Learning Methods,Xueyan Xing; Jingkang Xia; Deqing Huang; Yanan Li,,2022,IEEE Transactions on Control Systems Technology,https://ieeexplore.ieee.org/stamp/stamp.jsp?tp=&arnumber=9661446,10.1109/TCST.2021.3134070,Заблокировано,unnamed
Representation Learning and Reinforcement Learning for Dynamic Complex Motion Planning System,Chengmin Zhou; Bingding Huang; Pasi Fränti,,2024,IEEE Transactions on Neural Networks and Learning Systems,https://ieeexplore.ieee.org/stamp/stamp.jsp?tp=&arnumber=10058085,10.1109/TNNLS.2023.3247160,Открыто,unnamed
Biped Robot Walking based on Deep Reinforcement Learning,Tomislav Tadić; Petar Ćurković,,2023,2023 46th MIPRO ICT and Electronics Convention (MIPRO),https://ieeexplore.ieee.org/stamp/stamp.jsp?tp=&arnumber=10159946,10.23919/MIPRO57284.2023.10159946,Заблокировано,unnamed
Perceptions of Social Robots as Motivating Learning Companions for Online Learning,Dafna Sinai; Rinat B. Rosenberg-Kima,,2022,2022 17th ACM/IEEE International Conference on Human-Robot Interaction (HRI),https://ieeexplore.ieee.org/stamp/stamp.jsp?tp=&arnumber=9889592,10.1109/HRI53351.2022.9889592,Заблокировано,unnamed
Learning of the Exploratory Behavior of Mobile Robots for Environmental Segmentation,Manabu Gouko,,2024,2024 10th International Conference on Automation; Robotics and Applications (ICARA),https://ieeexplore.ieee.org/stamp/stamp.jsp?tp=&arnumber=10553045,10.1109/ICARA60736.2024.10553045,Заблокировано,unnamed
Study on Deep Reinforcement Learning for Mobile Robots Flocking Control in Certainty Situations,Pontakorn Kheawkhem; Issarapong Khuankrue,,2022,2022 19th International Conference on Electrical Engineering/Electronics; Computer; Telecommunications and Information Technology (ECTI-CON),https://ieeexplore.ieee.org/stamp/stamp.jsp?tp=&arnumber=9795641,10.1109/ECTI-CON54298.2022.9795641,Заблокировано,unnamed
Visual Navigation of Mobile Robots in Complex Environments Based on Distributed Deep Reinforcement Learning,Yi Zhang; Wei Feng; Zhile Yang; Zhaokun Zhou; Zihan Zhu; Weijun Wang,,2022,2022 6th Asian Conference on Artificial Intelligence Technology (ACAIT),https://ieeexplore.ieee.org/stamp/stamp.jsp?tp=&arnumber=10137974,10.1109/ACAIT56212.2022.10137974,Заблокировано,unnamed
An Ergo-Interactive Framework for Human-Robot Collaboration Via Learning From Demonstration,Zhiwei Liao; Marta Lorenzini; Mattia Leonori; Fei Zhao; Gedong Jiang; Arash Ajoudani,,2024,IEEE Robotics and Automation Letters,https://ieeexplore.ieee.org/stamp/stamp.jsp?tp=&arnumber=10301659,10.1109/LRA.2023.3328366,Заблокировано,unnamed
Analysis of Robot Skill Learning Methods and Secondary Approaches to Enhance Learning,Batu Kaan Özen; Burak Han Demirbilek,,2022,2022 7th International Conference on Mechanical Engineering and Robotics Research (ICMERR),https://ieeexplore.ieee.org/stamp/stamp.jsp?tp=&arnumber=10097826,10.1109/ICMERR56497.2022.10097826,Заблокировано,unnamed
Assisting Humans in Human-Robot Collaborative Assembly Contexts through Deep Q-Learning,Garrett Modery; Weitian Wang,,2024,2024 IEEE MIT Undergraduate Research Technology Conference (URTC),https://ieeexplore.ieee.org/stamp/stamp.jsp?tp=&arnumber=10937588,10.1109/URTC65039.2024.10937588,Заблокировано,unnamed
On Designing a Learning Robot: Improving Morphology for Enhanced Task Performance and Learning,Maks Sorokin; Chuyuan Fu; Jie Tan; C. Karen Liu; Yunfei Bai; Wenlong Lu; Sehoon Ha; Mohi Khansari,,2023,2023 IEEE/RSJ International Conference on Intelligent Robots and Systems (IROS),https://ieeexplore.ieee.org/stamp/stamp.jsp?tp=&arnumber=10341905,10.1109/IROS55552.2023.10341905,Заблокировано,IROS
Path planning of mobile robot based on deep reinforcement learning with transfer learning strategy,Jie Zhu; Chuanhai Yang; Zhaodong Liu; Chengdong Yang,,2022,2022 37th Youth Academic Annual Conference of Chinese Association of Automation (YAC),https://ieeexplore.ieee.org/stamp/stamp.jsp?tp=&arnumber=10023708,10.1109/YAC57282.2022.10023708,Заблокировано,unnamed
Robot Skill Learning in Human-Robot Collaboration with Dynamic Time Warping Iterative Learning Control,Junjie Ma; Ruiqing Zhang; Jinlong Yang; Yanan Li; Deqing Huang,,2024,2024 IEEE International Conference on Industrial Technology (ICIT),https://ieeexplore.ieee.org/stamp/stamp.jsp?tp=&arnumber=10540905,10.1109/ICIT58233.2024.10540905,Заблокировано,unnamed
Fast Learning for Multi-Agent with Combination of Imitation Learning and Model-Based Learning for Formation Change of Transport Robots,Keisuke Azetsu; Almira Budiyanto; Nobutomo Matsunaga,,2024,2024 International Joint Conference on Neural Networks (IJCNN),https://ieeexplore.ieee.org/stamp/stamp.jsp?tp=&arnumber=10650255,10.1109/IJCNN60899.2024.10650255,Заблокировано,unnamed
Evolution of Machine Learning Algorithms on Autonomous Robots,Manasa Mainampati; Balasubramaniyan Chandrasekaran,,2020,2020 10th Annual Computing and Communication Workshop and Conference (CCWC),https://ieeexplore.ieee.org/stamp/stamp.jsp?tp=&arnumber=9031137,10.1109/CCWC47524.2020.9031137,Заблокировано,unnamed
Speeding-Up Action Learning in a Social Robot With Dyna-Q+: A Bioinspired Probabilistic Model Approach,Marcos Maroto-Gómez; Rodrigo González; Álvaro Castro-González; María Malfaz; Miguel Ángel Salichs,,2021,IEEE Access,https://ieeexplore.ieee.org/stamp/stamp.jsp?tp=&arnumber=9476021,10.1109/ACCESS.2021.3095392,Открыто,unnamed
Effects of Robot Competency and Motion Legibility on Human Correction Feedback,Shuangge Wang; Anjiabei Wang; Sofiya Goncharova; Brian Scassellati; Tesca Fitzgerald,,2025,2025 20th ACM/IEEE International Conference on Human-Robot Interaction (HRI),https://ieeexplore.ieee.org/stamp/stamp.jsp?tp=&arnumber=10974241,10.1109/HRI61500.2025.10974241,Заблокировано,unnamed
Overcoming Obstacles With a Reconfigurable Robot Using Reinforcement Learning,Liran Yehezkel; Sigal Berman; David Zarrouk,,2020,IEEE Access,https://ieeexplore.ieee.org/stamp/stamp.jsp?tp=&arnumber=9272763,10.1109/ACCESS.2020.3040896,Открыто,unnamed
Machine Learning Prediction on User Satisfaction in Human-Robot Interaction (HRI) Tasks,Antonio Di Tecco; Antonio Frisoli; Claudio Loconsole,,2025,IEEE Access,https://ieeexplore.ieee.org/stamp/stamp.jsp?tp=&arnumber=11122863,10.1109/ACCESS.2025.3597994,Открыто,unnamed
Guided Model-Based Policy Search Method for Fast Motor Learning of Robots With Learned Dynamics,Xiao Huang; Xingfang Wang; Yan Zhao; Jiachen Hu; Hui Li; Zhihong Jiang,,2025,IEEE Transactions on Automation Science and Engineering,https://ieeexplore.ieee.org/stamp/stamp.jsp?tp=&arnumber=10409121,10.1109/TASE.2024.3352580,Заблокировано,unnamed
How to Guide Humans Towards Skills Improvement in Physical Human-Robot Collaboration Using Reinforcement Learning?,Katleen Blanchet; Amel Bouzeghoub; Selma Kchir; Olivier Lebec,,2020,2020 IEEE International Conference on Systems; Man; and Cybernetics (SMC),https://ieeexplore.ieee.org/stamp/stamp.jsp?tp=&arnumber=9283469,10.1109/SMC42975.2020.9283469,Заблокировано,unnamed
Human-Robot Mutual Learning Through Affective-Linguistic Interaction and Differential Outcomes Training,Emilia Heikkinen; Elsa Silvennoinen; Imran Khan; Zakaria Lemhaouri; Laura Cohen; Lola Cañamero; Robert Lowe,,2024,2024 12th International Conference on Affective Computing and Intelligent Interaction Workshops and Demos (ACIIW),https://ieeexplore.ieee.org/stamp/stamp.jsp?tp=&arnumber=10970289,10.1109/ACIIW63320.2024.00060,Заблокировано,unnamed
Multi-Speed Walking Gait Generation for Bipedal Robots Based on Reinforcement Learning and Human Motion Imitation,Mengya Su; Yan Huang,,2023,2023 42nd Chinese Control Conference (CCC),https://ieeexplore.ieee.org/stamp/stamp.jsp?tp=&arnumber=10240767,10.23919/CCC58697.2023.10240767,Заблокировано,unnamed
Who is that?! Does Changing the Robot as a Learning Companion Impact Preschoolers' Language Learning?,Nils F. Tolksdorf; Dirk Hönemann; Franziska E. Viertel; Katharina J. Rohlfing,,2022,2022 17th ACM/IEEE International Conference on Human-Robot Interaction (HRI),https://ieeexplore.ieee.org/stamp/stamp.jsp?tp=&arnumber=9889420,10.1109/HRI53351.2022.9889420,Заблокировано,unnamed
A Multi-Robot Task Allocation Method Based on Graph Attention Network and Unsupervised Learning,Zirui Wu; Zhen Li; Dong Zhu; Qiuhan Liao; Weiran Yao,,2024,2024 IEEE International Conference on Unmanned Systems (ICUS),https://ieeexplore.ieee.org/stamp/stamp.jsp?tp=&arnumber=10840067,10.1109/ICUS61736.2024.10840067,Заблокировано,unnamed
Correct Me If I'm Wrong: Using Non-Experts to Repair Reinforcement Learning Policies,Sanne van Waveren; Christian Pek; Jana Tumova; Iolanda Leite,,2022,2022 17th ACM/IEEE International Conference on Human-Robot Interaction (HRI),https://ieeexplore.ieee.org/stamp/stamp.jsp?tp=&arnumber=9889604,10.1109/HRI53351.2022.9889604,Заблокировано,unnamed
Research on Robot Path Planning Based on Deep Learning Algorithm,Siyuan Chen,,2024,2024 IEEE 6th International Conference on Power; Intelligent Computing and Systems (ICPICS),https://ieeexplore.ieee.org/stamp/stamp.jsp?tp=&arnumber=10796256,10.1109/ICPICS62053.2024.10796256,Заблокировано,unnamed
Research on Reinforcement Learning-Based Order Control Methods for Multi-Handling Robots,Qingji Gao; Wenbo Cao; Gaowei Zhang; Jiting Xue,,2025,2025 8th International Conference on Advanced Algorithms and Control Engineering (ICAACE),https://ieeexplore.ieee.org/stamp/stamp.jsp?tp=&arnumber=11019466,10.1109/ICAACE65325.2025.11019466,Заблокировано,unnamed
Distance-Controllable Long Jump of Quadruped Robot Based on Parameter Optimization Using Deep Reinforcement Learning,Qingyu Liu; Duo Xu; Bing Yuan; Zian Mou; Min Wang,,2023,IEEE Access,https://ieeexplore.ieee.org/stamp/stamp.jsp?tp=&arnumber=10246264,10.1109/ACCESS.2023.3313637,Открыто,unnamed
Deep Reinforcement Learning With Action Masking for Differential-Drive Robot Navigation Using Low-Cost Sensors,Konstantinos Tsampazis; Manos Kirtas; Pavlos Tosidis; Nikolaos Passalis; Anastasios Tefas,,2023,2023 IEEE 33rd International Workshop on Machine Learning for Signal Processing (MLSP),https://ieeexplore.ieee.org/stamp/stamp.jsp?tp=&arnumber=10285997,10.1109/MLSP55844.2023.10285997,Заблокировано,unnamed
Robot path planning based on deep reinforcement learning,Yinxin Long; Huajin He,,2020,2020 IEEE Conference on Telecommunications; Optics and Computer Science (TOCS),https://ieeexplore.ieee.org/stamp/stamp.jsp?tp=&arnumber=9339752,10.1109/TOCS50858.2020.9339752,Заблокировано,unnamed
Model-Free Dynamic Control of a 3-DoF Delta Parallel Robot for Pick-and-Place Application based on Deep Reinforcement Learning,Hasan Jalali; Saba Samadi; Ahmad Kalhor; Mehdi Tale Masouleh,,2022,2022 10th RSI International Conference on Robotics and Mechatronics (ICRoM),https://ieeexplore.ieee.org/stamp/stamp.jsp?tp=&arnumber=10025269,10.1109/ICRoM57054.2022.10025269,Заблокировано,unnamed
Design of Deep Learning Algorithm in the Control System of Intelligent Inspection Robot of Substation,Shuangshuang Wei; Zhenzhong Gan; Chunfeng Fan; Zhuang Huang; Zhiyong Zhu; Xueshan Wei; Kai Qin,,2023,2023 International Conference on Distributed Computing and Electrical Circuits and Electronics (ICDCECE),https://ieeexplore.ieee.org/stamp/stamp.jsp?tp=&arnumber=10150529,10.1109/ICDCECE57866.2023.10150529,Заблокировано,unnamed
Learning Control Policy with Previous Experiences from Robot Simulator,Donghun Lee; Hyunseok Kim; Seonghyun Kim; Chan-Won Park; Jun Hee Park,,2020,2020 International Conference on Information and Communication Technology Convergence (ICTC),https://ieeexplore.ieee.org/stamp/stamp.jsp?tp=&arnumber=9289214,10.1109/ICTC49870.2020.9289214,Заблокировано,unnamed
Reinforcement Learning based Sequential Controller for Mobile Robots with Obstacle Avoidance,Sara Mashhouri; Mohammadali Rahmati; Yasamin Borhani; Esmaeil Najafi,,2022,2022 8th International Conference on Control; Instrumentation and Automation (ICCIA),https://ieeexplore.ieee.org/stamp/stamp.jsp?tp=&arnumber=9737166,10.1109/ICCIA54998.2022.9737166,Заблокировано,unnamed
